customer_id,age,gender,registration_date,average_purchase_value,visit_frequency,days_since_last_visit,purchase_last_30_days,customer_feedback_score,is_subscribed,is_first_time_visitor,target
1,41,Male,2023-07-28,945.98,23,48,3,2,Yes,No,1
2,33,Male,2023-11-03,874.46,8,7,4,2,No,Yes,1
3,70,Male,2024-10-21,138.79,8,5,2,2,Yes,No,1
4,69,Male,2022-09-01,729.96,11,47,10,1,Yes,Yes,1
5,74,Female,2021-06-02,376.13,9,50,4,4,Yes,No,1
6,49,Female,2022-12-04,34.3,18,30,1,5,No,No,1
7,42,Male,2024-09-01,897.02,5,60,4,4,No,Yes,1
8,75,Male,2021-08-04,868.65,16,42,5,4,Yes,Yes,1
9,57,Female,2020-01-20,503.76,1,49,10,2,Yes,No,1
10,18,Female,2023-01-04,669.12,27,52,5,3,Yes,Yes,1
11,48,Male,2023-01-07,832.1,25,15,8,1,Yes,Yes,1
12,65,Male,2020-07-14,34.37,15,40,10,4,Yes,No,1
13,45,Male,2025-02-16,539.22,1,18,6,3,No,Yes,0
14,52,Female,2020-12-16,121.34,19,21,9,5,No,No,1
15,34,Male,2024-04-27,629.34,25,37,8,3,Yes,No,1
16,29,Male,2020-07-18,392.25,20,21,5,2,No,No,1
17,32,Male,2021-05-02,93.75,27,16,0,1,No,Yes,1
18,21,Female,2021-03-14,190.33,4,35,4,1,Yes,Yes,1
19,40,Female,2024-11-04,104.69,22,18,0,5,No,Yes,1
20,20,Female,2021-02-13,920.86,8,58,10,1,Yes,No,1
21,77,Male,2020-05-25,295.84,12,3,4,2,No,Yes,1
22,78,Female,2025-03-30,790.94,10,23,0,1,Yes,Yes,1
23,56,Female,2020-09-24,246.25,30,42,1,3,Yes,No,1
24,35,Male,2024-04-21,972.39,6,2,8,2,No,No,1
25,51,Male,2025-04-21,104.93,9,9,4,4,Yes,Yes,1
26,41,Female,2024-07-29,217.8,8,47,6,4,No,Yes,0
27,26,Female,2024-01-13,169.16,16,28,10,1,No,No,1
28,21,Female,2023-09-02,674.96,2,58,7,3,Yes,No,0
29,77,Male,2023-10-02,359.85,8,28,1,1,Yes,Yes,1
30,31,Male,2022-02-06,138.7,21,53,6,4,Yes,No,1
31,51,Male,2022-11-05,103.09,14,31,3,2,No,Yes,1
32,74,Male,2020-10-05,794.4,19,17,1,4,No,No,1
33,24,Female,2021-08-14,427.17,22,35,5,2,No,Yes,1
34,73,Male,2020-10-31,82.86,24,1,7,5,No,No,1
35,19,Male,2025-05-14,101.51,14,6,10,2,Yes,No,1
36,38,Male,2024-12-11,685.81,14,3,2,2,Yes,No,1
37,22,Male,2020-06-29,182.17,9,44,6,4,No,Yes,1
38,24,Female,2023-05-22,943.58,14,25,1,3,Yes,No,1
39,35,Male,2023-09-21,348.44,26,5,8,2,No,Yes,1
40,21,Male,2023-08-11,976.07,3,38,1,2,No,No,1
41,32,Male,2020-07-15,428.0,19,45,5,1,No,No,1
42,32,Female,2022-09-21,818.17,10,35,3,2,Yes,No,1
43,62,Female,2022-12-31,58.13,4,29,5,4,No,Yes,1
44,73,Female,2024-07-10,553.09,4,9,8,3,No,No,1
45,78,Female,2025-01-09,214.77,9,24,8,5,No,Yes,1
46,39,Male,2023-02-28,379.0,29,54,10,5,No,Yes,1
47,31,Female,2021-11-22,115.79,5,10,4,3,Yes,Yes,1
48,29,Female,2021-12-19,55.64,15,37,2,2,Yes,Yes,0
49,75,Female,2020-10-21,132.83,28,10,2,5,Yes,No,1
50,29,Female,2024-12-07,200.9,1,39,7,5,Yes,No,1
51,25,Female,2022-10-23,124.4,28,11,3,5,No,Yes,1
52,70,Male,2023-02-06,236.71,2,44,2,4,No,Yes,1
53,26,Male,2021-04-30,359.05,19,16,1,1,Yes,Yes,1
54,54,Male,2024-03-21,839.31,18,9,8,4,No,Yes,1
55,46,Male,2023-12-04,926.96,23,14,2,2,No,No,1
56,33,Female,2021-05-29,292.01,6,21,1,1,Yes,Yes,1
57,44,Female,2021-10-13,320.89,16,20,4,4,No,Yes,1
58,71,Female,2023-02-19,982.98,1,25,8,2,Yes,No,1
59,71,Female,2022-12-28,236.64,22,4,5,3,No,Yes,1
60,54,Female,2021-03-05,987.66,1,10,8,3,No,No,1
61,61,Female,2021-11-13,209.93,25,55,10,4,Yes,Yes,1
62,68,Female,2022-01-14,506.2,19,48,4,5,Yes,No,1
63,41,Male,2024-05-07,297.21,4,49,8,5,Yes,Yes,1
64,75,Female,2021-07-16,561.65,14,35,1,3,Yes,Yes,1
65,72,Female,2022-01-06,781.81,30,3,5,1,Yes,Yes,1
66,38,Female,2024-04-16,136.23,22,23,5,1,No,Yes,1
67,38,Female,2022-10-18,596.35,15,51,3,1,Yes,Yes,1
68,28,Male,2025-05-24,538.33,19,34,0,1,Yes,Yes,1
69,46,Female,2020-11-18,343.31,24,53,0,4,No,No,1
70,69,Female,2022-04-24,433.49,8,9,1,3,Yes,Yes,1
71,29,Female,2021-05-12,492.41,13,14,4,3,Yes,Yes,1
72,62,Male,2023-01-27,20.07,12,18,0,3,Yes,Yes,1
73,35,Male,2023-01-14,76.37,28,14,4,2,Yes,No,1
74,77,Male,2021-03-05,855.24,6,44,4,5,Yes,Yes,1
75,63,Male,2024-01-31,567.66,20,1,2,2,No,Yes,1
76,39,Male,2024-06-29,393.12,8,5,5,1,Yes,Yes,1
77,33,Female,2020-03-25,763.68,21,39,6,1,No,Yes,1
78,51,Female,2023-05-18,534.55,21,11,2,1,Yes,Yes,1
79,46,Female,2023-09-11,714.58,8,1,5,3,No,Yes,1
80,58,Female,2024-03-28,737.19,11,20,10,4,Yes,No,1
81,55,Male,2021-12-26,769.51,4,53,9,5,No,No,1
82,37,Male,2020-09-26,214.14,28,16,2,1,Yes,Yes,1
83,55,Male,2021-10-11,777.59,14,33,1,1,Yes,No,1
84,53,Male,2021-02-27,582.28,22,54,7,4,No,Yes,1
85,46,Female,2020-02-03,636.46,13,29,5,5,Yes,Yes,1
86,33,Female,2023-07-04,228.41,27,39,2,3,Yes,No,1
87,55,Male,2022-09-07,298.47,21,57,2,4,Yes,No,1
88,76,Male,2021-12-08,62.53,11,23,6,1,No,Yes,0
89,60,Female,2024-02-19,316.53,3,45,3,4,Yes,Yes,0
90,74,Male,2021-10-17,349.25,16,6,7,1,No,Yes,1
91,68,Male,2021-04-08,710.12,29,33,7,2,No,No,1
92,79,Male,2022-12-13,481.72,30,37,3,3,No,Yes,1
93,25,Female,2023-07-25,154.18,7,25,0,5,Yes,No,1
94,55,Male,2024-05-09,655.32,7,33,6,4,Yes,No,1
95,54,Female,2022-01-08,163.77,2,60,7,5,Yes,No,1
96,44,Female,2020-01-02,122.6,9,8,7,3,No,Yes,0
97,65,Male,2022-10-19,648.34,18,58,5,1,Yes,Yes,1
98,79,Female,2025-02-13,727.34,2,10,4,3,Yes,Yes,1
99,21,Male,2020-04-08,612.29,30,5,1,2,No,No,1
100,40,Female,2023-05-10,852.47,24,47,1,3,Yes,No,1
101,50,Male,2023-06-17,107.05,26,51,8,3,Yes,Yes,1
102,30,Female,2022-02-10,640.51,26,20,10,4,Yes,No,1
103,80,Male,2022-02-06,342.99,28,19,0,1,Yes,No,1
104,63,Male,2022-12-14,283.84,26,27,7,1,No,Yes,1
105,35,Female,2020-11-05,123.0,13,28,9,2,No,No,0
106,49,Male,2020-06-10,967.35,5,30,8,3,No,No,1
107,43,Male,2021-07-31,861.43,25,12,8,2,Yes,No,1
108,69,Female,2021-07-27,164.31,14,18,7,1,Yes,Yes,1
109,30,Male,2023-12-14,669.24,17,48,4,1,Yes,Yes,1
110,32,Male,2024-07-27,339.84,5,45,2,4,Yes,No,0
111,31,Female,2022-08-03,432.46,25,32,8,4,Yes,No,1
112,55,Male,2024-05-16,81.37,17,35,5,4,No,Yes,1
113,19,Male,2020-03-21,742.7,8,55,2,5,Yes,No,1
114,34,Female,2023-02-08,207.07,17,9,6,1,Yes,Yes,1
115,57,Female,2024-03-23,876.97,28,37,1,2,No,No,1
116,18,Female,2022-02-11,715.61,7,15,0,5,Yes,No,1
117,58,Male,2024-01-17,252.91,16,23,1,3,Yes,Yes,1
118,25,Female,2023-02-28,986.46,14,2,2,5,No,No,1
119,27,Male,2024-06-05,344.78,18,15,3,4,No,Yes,1
120,26,Male,2021-05-05,105.95,7,2,9,2,Yes,No,1
121,58,Male,2021-10-01,82.02,10,25,10,4,Yes,No,1
122,46,Female,2020-02-28,740.64,12,46,10,5,No,Yes,1
123,34,Male,2025-06-16,584.71,12,35,0,1,No,No,1
124,50,Female,2023-08-09,230.36,22,8,9,2,Yes,Yes,1
125,61,Female,2021-04-13,424.66,4,54,10,4,Yes,Yes,1
126,70,Female,2024-06-26,321.33,19,24,5,2,Yes,Yes,1
127,57,Male,2020-07-31,399.85,29,45,1,1,No,Yes,1
128,47,Male,2023-03-26,771.98,27,39,0,1,Yes,No,1
129,42,Male,2020-11-02,44.36,28,49,10,2,No,Yes,1
130,45,Male,2024-11-03,91.53,24,37,6,1,No,No,1
131,80,Female,2024-08-28,966.18,4,39,6,5,Yes,No,1
132,41,Male,2022-06-04,292.45,29,24,2,4,Yes,Yes,1
133,18,Male,2021-12-10,351.08,10,14,9,5,Yes,No,1
134,52,Male,2020-12-04,538.21,5,39,4,1,Yes,Yes,1
135,64,Male,2023-10-09,271.52,13,25,1,1,No,Yes,1
136,48,Male,2022-11-05,721.52,25,5,4,1,Yes,Yes,1
137,55,Male,2021-04-26,201.26,17,11,8,3,No,Yes,1
138,29,Male,2023-06-16,179.87,22,28,10,2,Yes,Yes,1
139,61,Male,2020-09-07,134.1,1,16,2,5,Yes,Yes,1
140,56,Male,2023-11-17,49.99,11,43,7,4,Yes,No,1
141,52,Female,2020-01-29,378.42,2,31,0,4,No,No,1
142,70,Female,2022-01-03,850.22,12,33,1,5,Yes,No,1
143,69,Female,2022-08-04,28.43,4,52,2,1,Yes,No,1
144,44,Male,2023-09-25,632.85,3,12,0,1,Yes,Yes,1
145,59,Male,2021-10-08,710.78,10,3,1,4,No,No,1
146,37,Female,2023-10-01,573.06,5,15,1,5,Yes,No,1
147,19,Male,2023-11-29,587.83,28,52,8,5,No,No,1
148,68,Male,2024-07-14,848.71,13,38,2,5,No,No,1
149,40,Male,2024-07-17,77.4,22,52,10,5,Yes,Yes,1
150,29,Male,2020-06-01,160.36,14,57,2,3,No,Yes,1
151,53,Female,2022-02-07,921.79,16,55,9,2,Yes,No,1
152,23,Male,2020-07-22,401.77,24,21,4,5,No,No,1
153,28,Male,2022-06-08,206.29,16,19,6,5,No,No,1
154,47,Male,2023-04-04,31.55,9,25,5,3,Yes,Yes,0
155,64,Male,2024-11-20,375.21,19,36,3,2,Yes,No,1
156,36,Male,2021-03-13,733.11,3,7,10,4,Yes,No,1
157,43,Male,2023-02-21,999.37,25,48,5,5,Yes,No,1
158,68,Female,2022-09-11,550.9,22,37,9,1,Yes,No,1
159,45,Female,2023-05-21,327.05,25,45,10,1,Yes,No,1
160,78,Male,2024-07-07,671.19,9,46,1,3,No,No,1
161,18,Female,2025-01-05,540.39,9,25,2,3,Yes,No,1
162,72,Male,2024-12-27,110.39,7,15,4,1,No,Yes,0
163,29,Female,2024-02-01,843.87,16,53,8,3,Yes,Yes,1
164,55,Male,2022-10-08,588.21,19,4,2,3,Yes,No,1
165,18,Male,2022-10-20,994.89,30,18,7,3,Yes,Yes,1
166,54,Female,2025-02-08,118.81,24,42,7,1,Yes,Yes,1
167,40,Male,2020-10-23,541.91,26,16,5,4,No,Yes,1
168,36,Female,2020-01-29,709.05,14,33,5,2,No,No,1
169,75,Male,2021-06-02,304.6,6,37,8,5,No,Yes,1
170,41,Male,2024-01-20,198.02,3,33,5,5,Yes,Yes,0
171,48,Female,2024-08-31,721.49,21,43,0,1,No,Yes,1
172,56,Male,2022-07-12,509.19,16,46,4,4,Yes,No,1
173,80,Female,2024-03-30,324.52,30,32,2,3,No,No,1
174,78,Female,2023-01-31,948.02,28,13,1,2,Yes,Yes,1
175,60,Male,2021-01-21,637.86,16,5,6,1,Yes,No,1
176,21,Female,2025-04-21,391.57,12,56,7,2,Yes,Yes,1
177,18,Male,2021-07-09,461.63,28,56,6,4,Yes,No,1
178,77,Female,2022-07-19,411.93,30,58,10,5,No,No,1
179,60,Male,2024-06-07,93.1,7,42,4,3,No,Yes,0
180,26,Male,2021-02-22,756.33,23,46,2,4,No,Yes,1
181,73,Female,2020-06-18,942.91,7,20,10,1,Yes,Yes,1
182,20,Female,2020-03-19,677.25,27,47,4,5,Yes,No,1
183,29,Female,2022-03-13,460.8,9,35,7,3,Yes,Yes,1
184,58,Female,2024-02-19,724.38,28,19,4,5,No,No,1
185,22,Female,2022-01-15,705.69,25,13,9,5,No,No,1
186,41,Male,2023-10-16,675.29,20,56,5,1,No,Yes,1
187,80,Male,2023-12-28,42.7,21,9,8,2,No,Yes,1
188,74,Male,2022-09-21,462.65,6,58,1,2,No,No,0
189,36,Male,2022-09-20,481.8,12,25,0,2,Yes,Yes,1
190,26,Female,2020-03-07,452.62,5,18,6,1,No,No,1
191,75,Male,2021-08-27,495.23,26,32,0,2,No,Yes,1
192,23,Male,2023-08-31,716.09,22,36,7,3,Yes,No,1
193,58,Female,2023-05-22,858.09,15,52,3,3,No,No,1
194,55,Male,2024-03-02,787.02,14,59,2,3,No,No,1
195,53,Female,2020-04-18,417.85,20,21,8,1,No,Yes,1
196,48,Female,2022-09-19,91.41,28,48,10,5,No,Yes,1
197,27,Male,2023-12-06,898.58,21,30,1,1,Yes,Yes,1
198,44,Male,2020-04-23,128.65,30,4,3,5,Yes,No,1
199,47,Female,2023-04-13,432.36,5,51,10,1,No,No,0
200,63,Male,2023-12-25,212.12,10,29,3,1,Yes,Yes,1
201,77,Male,2023-03-29,361.16,1,39,9,4,Yes,Yes,1
202,26,Female,2022-08-16,950.42,17,51,7,3,No,No,1
203,59,Female,2020-03-09,909.67,2,56,0,1,Yes,No,1
204,40,Female,2022-05-24,795.22,6,58,1,2,Yes,No,1
205,37,Male,2020-10-08,109.47,28,54,5,1,Yes,No,0
206,55,Male,2020-01-13,451.86,4,7,7,5,No,Yes,1
207,79,Male,2024-10-14,268.16,28,52,9,1,No,No,1
208,66,Male,2025-03-05,8.59,19,54,4,2,No,No,0
209,56,Male,2022-04-12,788.4,2,32,0,2,Yes,Yes,1
210,62,Female,2020-11-08,553.15,26,26,10,4,Yes,Yes,1
211,74,Male,2022-10-16,740.18,15,35,10,3,No,No,1
212,30,Female,2024-09-15,579.18,22,33,0,4,Yes,Yes,1
213,47,Male,2022-07-13,62.65,14,35,4,1,Yes,Yes,1
214,25,Female,2024-09-10,810.19,2,39,9,3,No,Yes,0
215,61,Female,2024-08-14,598.59,27,13,3,5,Yes,Yes,1
216,35,Male,2024-09-20,655.04,20,56,6,2,No,No,1
217,79,Female,2022-11-06,796.14,29,53,2,1,No,Yes,1
218,24,Male,2022-03-10,555.18,6,39,8,2,Yes,No,1
219,51,Female,2023-11-21,26.99,29,45,9,5,Yes,Yes,1
220,71,Female,2020-04-24,108.54,4,10,5,4,Yes,Yes,1
221,38,Male,2023-10-18,16.54,9,52,2,1,Yes,Yes,0
222,28,Female,2023-10-21,935.8,28,56,8,4,Yes,No,1
223,38,Male,2022-01-02,345.0,19,14,6,1,No,No,1
224,31,Male,2021-08-14,275.74,8,32,0,1,Yes,No,1
225,57,Male,2024-03-26,119.41,20,50,0,5,Yes,Yes,0
226,18,Female,2022-11-01,20.8,26,31,8,1,Yes,Yes,1
227,18,Female,2020-03-10,924.0,2,45,9,5,No,Yes,1
228,66,Male,2024-02-06,457.92,3,47,1,3,No,No,0
229,63,Female,2024-10-24,808.47,1,32,8,3,Yes,No,1
230,66,Male,2025-02-13,595.25,29,30,4,1,Yes,Yes,1
231,20,Male,2021-08-14,672.18,10,34,8,5,No,No,1
232,51,Male,2020-06-01,145.93,10,54,10,1,Yes,Yes,1
233,75,Male,2020-02-08,86.23,30,38,6,3,Yes,Yes,1
234,30,Male,2020-04-29,379.55,25,24,9,4,No,Yes,1
235,64,Female,2023-06-12,910.95,6,16,5,4,Yes,No,1
236,32,Male,2023-12-01,47.09,14,55,3,5,No,Yes,0
237,71,Female,2020-03-31,344.15,6,38,4,3,No,Yes,1
238,32,Male,2021-07-29,157.89,15,2,7,4,Yes,No,1
239,67,Male,2022-03-26,549.57,8,19,3,4,No,No,1
240,59,Male,2020-08-01,976.88,7,28,2,3,No,No,1
241,54,Male,2020-04-27,407.07,28,18,0,1,No,Yes,1
242,40,Female,2020-11-07,82.41,26,50,1,1,Yes,No,1
243,56,Male,2020-08-17,271.39,14,18,9,4,No,No,1
244,53,Female,2020-09-11,528.91,13,19,8,2,Yes,No,1
245,36,Male,2022-11-03,914.53,1,15,9,4,Yes,No,1
246,53,Female,2024-04-15,259.39,14,52,5,4,No,Yes,1
247,56,Male,2020-11-16,919.42,8,16,0,5,No,No,1
248,66,Female,2025-02-13,792.88,29,11,9,2,Yes,Yes,1
249,35,Male,2024-09-05,192.16,19,4,1,4,No,Yes,1
250,32,Female,2022-09-24,760.1,19,54,4,2,Yes,Yes,1
251,57,Male,2020-04-29,389.14,28,6,10,2,Yes,No,1
252,44,Male,2021-10-17,483.42,29,2,9,1,Yes,No,1
253,46,Male,2023-02-01,370.32,15,32,3,1,No,Yes,1
254,47,Male,2022-05-29,396.65,9,37,3,4,No,Yes,1
255,66,Male,2020-09-04,227.89,16,5,8,4,No,Yes,1
256,25,Female,2023-03-24,494.4,19,31,3,2,No,No,1
257,18,Male,2024-10-23,406.37,22,19,0,1,No,Yes,1
258,71,Female,2024-12-01,335.71,7,26,8,3,No,No,1
259,63,Male,2022-11-08,314.66,5,11,6,4,Yes,Yes,1
260,57,Male,2020-09-10,218.65,17,11,8,1,Yes,Yes,1
261,69,Male,2022-04-08,762.03,7,45,3,4,Yes,Yes,1
262,75,Female,2021-09-27,996.11,29,57,1,4,No,No,1
263,79,Female,2022-03-07,256.1,13,17,5,4,Yes,Yes,1
264,33,Female,2022-07-13,447.34,12,45,4,3,No,Yes,1
265,50,Male,2020-08-16,219.12,28,58,8,5,No,Yes,1
266,66,Female,2021-10-17,843.88,18,12,3,1,Yes,Yes,1
267,22,Female,2022-03-05,518.19,20,33,8,3,No,Yes,1
268,74,Female,2024-07-26,319.61,15,44,10,1,Yes,No,1
269,49,Female,2024-03-21,828.98,1,56,6,1,No,No,1
270,80,Male,2021-09-20,478.37,8,29,8,3,No,Yes,1
271,19,Female,2021-05-01,413.08,21,27,10,4,No,No,1
272,48,Male,2022-08-20,187.98,27,8,0,4,Yes,No,1
273,26,Female,2020-08-15,609.17,9,19,5,3,No,No,1
274,69,Female,2023-08-03,541.36,17,57,7,1,No,No,1
275,61,Female,2024-12-28,291.6,28,23,0,5,No,No,1
276,58,Male,2023-02-25,848.2,22,48,4,1,No,No,1
277,64,Male,2023-01-02,639.03,25,35,8,4,Yes,Yes,1
278,19,Female,2022-09-10,896.71,25,31,4,5,No,No,1
279,70,Male,2025-03-25,27.75,17,50,3,5,Yes,No,1
280,67,Male,2023-07-11,435.34,9,7,10,5,Yes,No,1
281,60,Male,2024-08-16,720.94,17,32,10,5,Yes,No,1
282,60,Male,2020-08-27,898.5,6,16,2,2,Yes,Yes,1
283,51,Female,2022-12-29,828.34,16,6,9,1,Yes,Yes,1
284,50,Female,2021-08-21,902.56,1,17,2,3,Yes,Yes,1
285,47,Male,2023-04-21,566.74,30,26,1,2,Yes,No,1
286,30,Male,2021-03-08,400.94,17,24,1,1,Yes,Yes,1
287,75,Male,2021-11-12,426.8,22,44,8,5,Yes,No,1
288,70,Female,2024-01-17,697.85,14,4,5,4,Yes,Yes,1
289,75,Male,2025-06-23,38.08,22,24,6,5,Yes,No,1
290,20,Female,2024-05-20,275.53,19,2,5,3,No,Yes,1
291,76,Female,2022-03-30,885.96,24,57,5,3,Yes,No,1
292,43,Male,2020-06-11,873.7,30,52,0,1,No,No,1
293,23,Male,2021-06-22,581.01,19,14,4,2,Yes,No,1
294,61,Male,2024-09-20,877.44,19,30,3,3,Yes,No,1
295,67,Female,2025-03-01,220.91,26,46,8,5,No,No,1
296,61,Female,2024-10-10,372.66,13,9,6,3,Yes,No,1
297,28,Female,2021-03-10,532.29,18,32,2,5,No,Yes,1
298,64,Female,2023-02-22,743.25,7,1,5,4,No,No,1
299,40,Male,2020-08-31,92.87,30,40,5,5,Yes,Yes,1
300,62,Female,2020-02-09,468.73,22,36,0,1,Yes,No,1
301,65,Male,2023-03-26,533.74,5,57,10,4,Yes,Yes,1
302,51,Female,2021-05-25,944.49,4,59,0,4,Yes,Yes,1
303,56,Female,2021-09-02,837.73,19,29,9,5,Yes,No,1
304,78,Male,2021-09-23,325.23,4,46,4,5,Yes,No,0
305,64,Female,2022-12-24,333.01,13,33,10,3,No,Yes,0
306,59,Female,2025-04-02,2.49,21,48,4,5,Yes,No,1
307,42,Male,2025-05-13,646.11,15,48,2,2,No,Yes,1
308,28,Male,2023-04-06,663.99,9,22,5,1,Yes,Yes,1
309,27,Female,2023-11-27,593.16,9,32,7,3,Yes,Yes,1
310,65,Male,2023-09-26,69.34,16,26,10,3,No,Yes,1
311,35,Female,2023-08-14,444.71,4,18,2,4,Yes,Yes,1
312,34,Female,2022-11-26,706.1,1,28,10,4,No,Yes,1
313,69,Female,2025-02-19,973.69,1,40,1,5,No,No,1
314,25,Female,2021-10-15,682.52,20,55,2,4,Yes,Yes,1
315,67,Female,2020-07-04,872.47,15,49,4,3,Yes,No,1
316,72,Male,2020-03-08,166.64,4,14,6,1,Yes,Yes,0
317,43,Female,2025-05-15,638.01,28,41,10,5,No,Yes,1
318,48,Female,2020-07-02,417.25,6,32,3,3,No,Yes,0
319,32,Female,2020-12-18,20.52,4,44,9,5,Yes,No,0
320,19,Female,2025-05-19,883.34,15,17,2,3,No,Yes,1
321,64,Male,2022-07-09,313.59,11,35,6,4,No,No,1
322,74,Female,2020-02-29,161.82,10,60,10,4,Yes,No,1
323,69,Female,2023-01-27,893.52,2,3,1,1,No,No,1
324,47,Female,2021-06-09,243.16,29,23,8,4,No,Yes,1
325,75,Male,2024-05-05,312.28,20,7,2,3,Yes,No,1
326,49,Male,2021-01-29,675.97,9,23,0,2,No,No,1
327,48,Male,2023-02-12,172.92,10,4,5,4,No,No,1
328,50,Male,2021-11-16,263.24,29,1,2,3,No,Yes,1
329,24,Female,2024-10-25,952.37,14,23,3,5,Yes,Yes,1
330,45,Female,2021-02-01,769.81,21,19,1,3,No,No,1
331,32,Male,2022-09-13,929.84,3,7,8,5,Yes,No,1
332,61,Female,2023-12-29,526.34,21,50,0,3,Yes,Yes,1
333,29,Male,2024-11-25,200.51,10,60,10,3,No,Yes,0
334,48,Female,2023-12-11,738.7,1,17,1,5,Yes,No,1
335,24,Female,2020-10-24,409.77,29,12,9,4,Yes,Yes,1
336,30,Male,2021-11-13,681.3,29,6,4,2,Yes,No,1
337,80,Male,2020-08-05,98.53,19,53,10,5,Yes,No,1
338,32,Male,2021-06-26,262.77,6,1,10,5,No,No,1
339,21,Female,2020-07-08,885.06,5,7,9,4,No,Yes,1
340,41,Female,2020-11-27,355.88,10,50,1,5,No,No,1
341,28,Female,2021-08-11,997.81,12,24,1,2,No,Yes,1
342,80,Female,2024-02-24,570.12,5,41,4,1,No,Yes,1
343,27,Male,2024-03-31,206.34,1,16,1,5,Yes,No,1
344,72,Female,2022-11-19,782.75,23,27,10,2,Yes,No,1
345,63,Male,2024-10-20,725.02,20,46,4,3,Yes,No,1
346,24,Female,2021-08-14,975.56,19,39,2,2,Yes,Yes,1
347,76,Female,2021-04-18,521.83,21,26,2,2,No,No,1
348,72,Female,2021-08-20,579.55,15,27,8,3,Yes,Yes,1
349,67,Male,2021-12-13,920.17,27,24,0,2,Yes,Yes,1
350,79,Female,2023-10-27,996.24,20,6,9,5,Yes,Yes,1
351,29,Female,2021-06-26,766.86,13,35,0,3,No,No,1
352,56,Male,2023-05-30,636.52,13,21,10,3,Yes,Yes,1
353,48,Female,2020-07-06,436.78,30,8,7,3,No,Yes,1
354,45,Male,2024-07-04,133.25,24,51,5,4,Yes,Yes,1
355,20,Female,2022-12-27,650.04,27,37,1,1,No,No,1
356,43,Female,2022-05-29,691.54,14,9,6,1,No,Yes,1
357,40,Female,2022-04-25,703.34,21,24,8,3,Yes,No,1
358,48,Male,2021-07-21,518.33,8,6,7,3,Yes,Yes,1
359,53,Female,2023-10-24,966.58,12,37,6,4,No,Yes,1
360,19,Male,2021-09-26,563.05,17,52,8,1,Yes,No,1
361,60,Female,2022-05-26,916.06,16,36,0,5,Yes,No,1
362,32,Female,2020-11-06,591.35,6,27,7,3,No,No,1
363,56,Female,2023-06-17,718.84,22,54,8,5,Yes,No,1
364,22,Male,2024-01-24,750.9,11,60,6,1,No,Yes,1
365,57,Female,2020-03-22,519.47,2,4,10,2,Yes,Yes,1
366,28,Male,2020-02-05,30.25,24,51,0,5,No,No,1
367,25,Male,2021-07-21,163.84,1,38,7,3,Yes,Yes,0
368,71,Male,2021-03-03,217.19,6,21,2,1,Yes,No,1
369,43,Female,2023-06-04,807.52,4,26,7,1,Yes,Yes,1
370,53,Female,2021-08-09,94.01,26,49,2,5,Yes,No,1
371,47,Male,2021-08-21,489.25,24,37,3,2,Yes,Yes,1
372,32,Male,2021-12-13,273.39,8,15,2,5,Yes,No,1
373,51,Male,2020-06-30,891.79,17,18,4,1,No,Yes,1
374,32,Female,2021-12-29,338.49,30,37,0,1,Yes,Yes,1
375,43,Female,2024-04-15,553.13,8,15,7,2,No,No,1
376,59,Female,2025-01-01,57.39,13,51,2,3,No,Yes,0
377,52,Male,2020-12-07,379.36,8,3,0,5,Yes,No,1
378,68,Male,2024-08-22,534.62,21,3,8,4,Yes,Yes,1
379,78,Female,2024-11-27,481.46,13,51,7,3,Yes,Yes,1
380,69,Male,2023-03-18,775.33,2,14,5,2,Yes,Yes,1
381,51,Male,2021-06-22,248.7,26,60,2,4,No,No,0
382,32,Male,2020-10-21,278.5,12,43,6,3,Yes,No,1
383,73,Male,2023-08-30,943.87,28,15,5,3,Yes,No,1
384,43,Male,2023-08-21,463.94,20,41,8,2,No,Yes,1
385,62,Female,2022-11-20,170.4,8,53,1,3,No,Yes,1
386,31,Female,2022-09-15,64.64,26,19,3,4,No,Yes,1
387,23,Male,2024-12-28,617.71,3,3,3,1,Yes,Yes,1
388,51,Female,2021-07-29,386.61,10,20,8,3,Yes,Yes,1
389,49,Female,2021-06-05,648.05,25,29,2,1,Yes,No,1
390,73,Male,2022-06-20,824.81,9,55,2,3,No,No,1
391,37,Male,2020-09-17,900.06,3,27,2,5,No,No,1
392,27,Female,2020-08-22,559.41,2,57,0,2,Yes,Yes,0
393,52,Male,2024-11-16,106.02,18,41,2,2,Yes,Yes,1
394,23,Female,2020-12-23,497.02,12,21,10,2,Yes,No,1
395,48,Female,2020-11-01,929.83,8,7,8,5,No,No,1
396,74,Female,2021-12-31,938.35,30,49,3,3,No,No,1
397,58,Male,2020-08-10,361.85,27,36,4,4,Yes,Yes,1
398,55,Female,2021-05-11,804.09,25,37,1,2,Yes,Yes,1
399,45,Female,2021-08-19,790.91,10,56,6,5,No,Yes,1
400,20,Female,2023-11-30,878.23,28,38,6,5,Yes,No,1
401,68,Female,2021-02-14,850.12,21,49,6,3,Yes,No,1
402,77,Female,2025-04-03,563.33,15,18,2,5,Yes,Yes,1
403,73,Male,2025-05-19,789.57,22,41,3,2,No,No,1
404,19,Female,2021-12-23,261.72,21,50,4,4,No,Yes,1
405,24,Male,2024-11-29,579.71,11,17,2,3,No,No,1
406,73,Female,2021-09-10,542.39,26,26,7,4,Yes,No,1
407,68,Male,2022-05-19,175.98,20,57,8,2,No,Yes,1
408,30,Female,2021-12-30,141.25,2,6,3,2,No,Yes,1
409,36,Female,2024-05-27,510.74,21,44,4,5,No,Yes,1
410,73,Male,2020-03-05,57.92,23,37,1,3,Yes,Yes,1
411,49,Male,2023-05-27,759.55,30,18,9,1,No,No,1
412,42,Male,2022-10-24,213.16,8,29,4,3,Yes,Yes,1
413,63,Female,2022-04-03,947.2,10,58,1,2,Yes,Yes,1
414,39,Male,2020-11-24,438.74,10,35,9,2,Yes,Yes,1
415,51,Male,2023-06-21,511.67,24,35,9,1,No,Yes,1
416,46,Male,2022-01-26,761.1,21,52,1,2,Yes,Yes,1
417,29,Female,2022-09-07,785.56,5,13,1,1,Yes,No,1
418,44,Female,2021-03-04,726.04,10,7,4,3,Yes,No,1
419,24,Male,2024-12-09,285.81,9,43,6,5,No,Yes,1
420,56,Male,2020-02-29,325.41,17,6,9,3,Yes,No,1
421,49,Female,2025-05-01,884.78,13,51,3,3,No,No,1
422,80,Female,2023-04-30,464.31,11,48,0,4,No,No,1
423,70,Male,2020-10-07,395.47,17,5,0,4,No,No,1
424,57,Male,2022-02-05,770.0,15,2,2,2,No,Yes,1
425,49,Male,2025-04-25,329.51,21,11,2,4,Yes,Yes,1
426,20,Female,2021-06-27,882.4,17,11,9,2,No,No,1
427,68,Female,2023-04-24,884.95,4,15,4,1,Yes,Yes,1
428,43,Male,2023-09-13,861.68,9,56,1,5,Yes,Yes,1
429,26,Female,2021-09-05,58.64,27,30,0,3,No,Yes,1
430,65,Male,2020-05-21,565.61,4,34,6,3,No,No,1
431,42,Male,2023-12-04,405.17,27,52,3,5,No,Yes,1
432,24,Male,2021-06-07,435.85,19,16,2,1,Yes,No,1
433,36,Male,2021-09-04,240.46,21,27,9,4,No,No,1
434,40,Female,2022-09-05,545.54,5,13,0,5,No,No,1
435,57,Male,2020-01-13,128.41,25,21,0,3,No,No,1
436,68,Male,2021-06-06,225.97,18,25,3,3,No,Yes,0
437,39,Female,2020-10-03,179.06,19,35,6,4,Yes,Yes,1
438,45,Male,2025-03-14,557.17,26,13,10,1,No,Yes,1
439,67,Female,2020-04-24,303.49,26,26,6,3,Yes,Yes,1
440,28,Female,2025-05-17,925.23,15,60,7,2,Yes,No,1
441,63,Male,2024-09-04,24.9,21,5,7,1,Yes,No,1
442,51,Male,2023-04-11,278.5,10,12,1,4,No,No,1
443,37,Female,2020-06-21,139.66,12,45,0,3,Yes,No,0
444,61,Male,2024-02-19,798.5,10,45,7,3,No,Yes,0
445,22,Male,2023-06-18,413.5,28,42,10,5,Yes,Yes,1
446,37,Female,2024-02-14,384.97,5,54,9,3,No,No,0
447,57,Female,2023-07-06,216.08,18,13,1,4,Yes,Yes,1
448,33,Female,2020-11-03,469.39,21,52,6,2,No,Yes,1
449,77,Female,2021-10-04,828.12,17,56,0,5,Yes,Yes,1
450,36,Female,2023-10-27,584.33,26,54,5,1,Yes,No,1
451,51,Female,2022-06-13,836.42,13,2,3,5,No,No,1
452,61,Male,2022-03-21,12.98,12,44,7,1,Yes,No,0
453,44,Female,2021-01-05,998.67,10,6,3,4,Yes,No,1
454,26,Female,2020-08-09,439.48,26,60,1,2,Yes,Yes,1
455,24,Female,2020-11-01,100.92,7,4,0,5,Yes,Yes,1
456,57,Female,2024-11-03,696.49,18,36,3,2,Yes,No,1
457,76,Female,2025-02-11,104.92,25,3,7,2,Yes,Yes,1
458,33,Male,2024-10-04,74.63,18,17,10,3,Yes,No,1
459,42,Female,2023-03-21,840.79,17,14,6,2,No,Yes,1
460,31,Male,2022-09-25,899.73,2,3,7,1,No,No,1
461,39,Female,2020-04-11,798.8,26,31,1,4,Yes,Yes,1
462,46,Female,2025-04-11,212.26,11,8,1,3,No,No,0
463,71,Male,2023-02-26,73.61,10,31,6,4,Yes,Yes,1
464,47,Female,2020-08-20,226.08,14,42,0,3,No,No,1
465,43,Female,2023-12-16,668.16,21,6,7,3,Yes,No,1
466,48,Male,2023-06-22,814.8,10,14,10,2,No,No,1
467,27,Female,2023-09-21,441.06,5,1,7,1,No,No,1
468,30,Male,2021-04-26,162.5,17,25,9,3,No,Yes,1
469,58,Male,2020-01-15,547.46,9,1,1,2,Yes,Yes,1
470,78,Male,2023-12-19,955.56,24,38,8,2,No,No,1
471,36,Male,2021-12-11,876.27,3,16,1,3,Yes,No,1
472,77,Female,2023-06-26,631.71,27,45,4,3,No,No,1
473,49,Male,2020-05-28,121.24,20,19,1,2,No,No,1
474,43,Male,2025-05-26,535.76,27,51,3,2,Yes,Yes,1
475,69,Male,2025-04-02,48.74,26,46,4,2,Yes,No,1
476,60,Male,2024-09-26,297.71,1,57,0,2,No,No,0
477,39,Female,2024-05-10,145.27,25,11,4,5,Yes,No,1
478,61,Female,2024-10-21,466.95,17,1,8,5,Yes,Yes,1
479,76,Male,2024-02-25,237.28,3,53,2,5,Yes,No,1
480,42,Male,2021-01-07,901.61,10,7,5,3,No,No,1
481,73,Female,2023-09-16,666.45,30,6,10,1,No,Yes,1
482,26,Female,2021-07-01,674.46,22,6,8,1,No,No,1
483,75,Male,2023-10-26,186.77,1,59,2,5,Yes,No,1
484,35,Female,2020-02-06,926.18,28,41,2,4,No,No,1
485,48,Female,2025-05-20,614.13,17,26,2,2,Yes,No,1
486,45,Female,2021-12-18,107.37,7,17,4,2,No,Yes,0
487,20,Male,2020-11-16,220.21,17,21,8,5,Yes,Yes,1
488,19,Female,2024-12-05,793.06,26,58,4,3,Yes,Yes,1
489,48,Female,2023-05-15,206.46,14,59,8,5,Yes,Yes,1
490,66,Male,2023-09-07,160.84,5,25,3,1,No,No,0
491,71,Male,2020-01-22,269.03,23,44,2,1,No,Yes,1
492,76,Male,2025-03-03,256.44,11,9,10,5,No,Yes,1
493,26,Male,2020-06-10,970.92,2,27,10,2,Yes,Yes,1
494,37,Male,2023-06-30,99.22,12,20,2,3,No,No,1
495,19,Male,2021-03-13,300.93,3,57,1,4,Yes,Yes,0
496,36,Female,2022-09-16,509.7,30,33,4,2,Yes,Yes,1
497,65,Female,2025-02-15,191.63,30,3,6,3,No,No,1
498,74,Female,2020-06-12,365.12,8,29,0,5,No,Yes,1
499,23,Male,2023-02-07,628.87,21,35,10,5,Yes,No,1
500,59,Male,2023-01-07,428.88,2,49,2,3,Yes,Yes,1
501,53,Male,2021-03-28,650.19,15,45,0,1,Yes,No,1
502,35,Male,2024-07-04,373.7,24,7,1,2,Yes,No,1
503,66,Female,2022-10-19,565.74,12,10,10,5,No,Yes,1
504,24,Female,2023-05-26,575.97,25,24,7,3,No,No,1
505,30,Female,2021-12-22,466.91,9,17,4,2,Yes,Yes,1
506,41,Male,2022-05-24,294.81,14,52,3,1,No,No,1
507,51,Female,2024-11-01,721.29,17,45,4,1,No,No,1
508,61,Female,2020-04-23,516.54,1,43,9,2,No,Yes,0
509,19,Male,2022-03-09,176.55,11,32,0,5,Yes,Yes,1
510,51,Male,2023-09-29,60.88,30,7,10,1,Yes,Yes,1
511,18,Male,2023-08-17,408.4,2,53,8,3,No,No,0
512,74,Female,2021-04-15,476.52,12,32,1,5,No,Yes,1
513,52,Female,2021-10-08,202.83,3,27,9,5,Yes,No,1
514,42,Male,2024-12-30,541.74,19,34,6,5,No,No,1
515,73,Female,2023-09-27,143.53,25,10,1,4,No,Yes,1
516,67,Female,2021-12-10,98.08,6,50,3,4,Yes,No,1
517,18,Female,2023-07-01,396.62,18,25,9,2,Yes,Yes,1
518,69,Male,2025-04-20,425.85,15,26,6,5,No,Yes,1
519,72,Female,2024-05-25,292.8,2,60,9,1,No,No,1
520,46,Female,2023-08-23,113.52,7,1,10,4,Yes,No,1
521,49,Female,2020-12-02,883.49,20,25,6,4,Yes,No,1
522,76,Female,2021-05-09,344.89,15,10,6,1,No,Yes,1
523,48,Male,2021-12-25,46.86,13,48,3,5,No,Yes,1
524,63,Male,2024-08-15,533.6,21,39,3,4,No,Yes,1
525,63,Female,2023-04-07,606.82,5,35,1,2,Yes,Yes,0
526,50,Male,2021-12-11,562.9,3,54,5,5,Yes,Yes,1
527,47,Female,2024-02-05,122.61,6,31,1,5,No,No,0
528,26,Male,2022-04-30,927.75,17,54,0,2,Yes,Yes,1
529,71,Male,2024-01-25,18.54,18,57,8,1,No,Yes,0
530,21,Female,2023-12-28,825.68,20,3,0,4,Yes,No,1
531,47,Female,2022-12-11,708.61,19,9,2,2,Yes,No,1
532,43,Female,2024-06-11,219.08,28,3,10,4,Yes,No,1
533,29,Male,2020-02-04,544.22,5,5,5,2,No,Yes,1
534,25,Female,2021-06-05,378.51,19,34,4,3,No,No,1
535,34,Male,2020-07-21,827.93,6,42,1,4,Yes,No,1
536,46,Male,2021-03-26,544.75,20,43,5,2,No,No,1
537,18,Female,2024-07-09,696.33,5,38,6,2,Yes,No,1
538,57,Male,2024-06-07,212.79,12,28,9,5,No,No,1
539,50,Male,2023-05-29,733.25,16,14,8,5,Yes,No,1
540,53,Female,2024-06-02,291.42,11,21,10,4,No,No,1
541,44,Female,2024-08-31,621.07,3,35,6,5,Yes,Yes,1
542,34,Female,2025-04-10,152.36,10,4,2,5,Yes,No,1
543,59,Male,2023-01-15,149.5,7,13,0,1,Yes,No,1
544,35,Male,2025-02-06,277.82,17,21,4,2,No,No,1
545,20,Male,2024-07-04,537.06,12,53,3,2,Yes,Yes,1
546,66,Female,2020-03-20,588.02,6,36,9,1,Yes,No,1
547,71,Female,2025-01-04,523.55,6,28,6,2,No,No,1
548,28,Male,2020-01-30,155.31,8,31,0,5,Yes,No,1
549,33,Male,2021-09-25,235.6,26,39,0,2,No,Yes,1
550,68,Female,2025-01-13,544.56,23,51,3,1,Yes,Yes,1
551,19,Male,2025-02-25,269.41,16,4,9,5,No,Yes,1
552,44,Female,2022-12-16,105.18,24,41,7,2,No,No,1
553,23,Female,2024-12-01,526.67,15,36,10,4,Yes,Yes,1
554,53,Female,2023-12-02,137.44,14,20,3,4,Yes,No,1
555,58,Female,2021-08-02,150.79,8,14,1,5,No,No,1
556,46,Male,2022-04-16,515.74,15,20,5,3,No,Yes,1
557,58,Male,2020-08-21,632.71,28,18,6,2,No,Yes,1
558,42,Female,2022-07-31,398.78,3,51,4,3,Yes,Yes,0
559,59,Male,2022-10-14,949.69,30,39,10,4,Yes,No,1
560,69,Male,2024-05-02,677.6,9,2,2,3,Yes,Yes,1
561,25,Male,2023-02-14,204.87,7,29,5,3,No,No,1
562,49,Male,2023-03-15,976.46,13,39,1,4,Yes,No,1
563,36,Female,2023-01-24,253.58,3,58,0,1,No,No,1
564,60,Male,2023-09-19,117.85,3,42,4,1,Yes,Yes,0
565,39,Male,2022-11-28,231.15,26,13,9,5,Yes,Yes,1
566,58,Male,2024-06-09,650.83,11,10,7,2,No,Yes,1
567,70,Female,2024-08-25,492.34,18,46,0,3,No,No,1
568,42,Female,2025-04-21,110.12,22,12,3,3,No,Yes,1
569,52,Female,2022-03-22,352.8,4,54,5,1,No,Yes,1
570,36,Male,2020-03-10,679.34,2,57,5,2,No,Yes,1
571,40,Female,2020-06-09,157.52,25,38,8,3,Yes,No,1
572,43,Female,2023-12-15,855.79,6,30,1,4,No,Yes,1
573,35,Male,2022-11-14,493.24,26,2,4,4,Yes,No,1
574,35,Male,2023-10-17,662.35,14,33,2,5,No,No,1
575,18,Male,2024-01-30,394.48,9,48,2,1,Yes,Yes,1
576,27,Female,2023-12-02,949.34,7,60,0,4,Yes,No,1
577,66,Female,2020-02-17,339.99,16,51,7,5,No,Yes,1
578,55,Female,2021-04-15,64.81,27,51,8,1,Yes,No,1
579,67,Male,2024-05-24,246.88,14,35,10,2,No,Yes,1
580,55,Female,2024-10-18,227.47,14,15,0,3,Yes,Yes,1
581,30,Female,2023-11-25,988.65,15,10,0,2,Yes,No,1
582,71,Female,2022-11-07,94.13,28,36,4,5,No,No,1
583,39,Female,2024-02-01,563.69,3,25,3,1,Yes,No,1
584,74,Male,2024-09-08,295.13,26,13,9,4,No,Yes,1
585,52,Female,2020-12-22,253.8,7,19,10,5,Yes,Yes,1
586,26,Male,2020-09-26,591.48,7,40,4,1,Yes,No,1
587,75,Male,2022-04-10,734.1,8,33,8,3,Yes,No,1
588,79,Female,2025-04-02,987.07,11,35,9,2,Yes,Yes,1
589,27,Female,2020-11-22,129.35,27,1,7,3,Yes,No,1
590,27,Male,2021-04-02,659.59,15,21,8,5,No,Yes,1
591,46,Female,2023-09-22,397.42,14,29,10,2,Yes,No,1
592,22,Female,2022-07-30,766.28,13,39,4,4,Yes,Yes,1
593,37,Female,2020-08-22,290.37,11,31,4,1,No,Yes,1
594,76,Male,2020-01-28,120.95,23,26,5,4,Yes,No,1
595,22,Female,2024-07-14,450.3,20,57,8,3,No,Yes,0
596,28,Female,2024-01-17,609.58,3,23,0,4,No,No,1
597,75,Female,2020-08-11,767.4,25,26,1,3,Yes,No,1
598,55,Female,2020-05-22,770.1,5,13,0,4,No,No,1
599,50,Female,2022-01-10,807.77,23,51,2,2,No,Yes,1
600,50,Male,2024-06-01,650.06,26,20,0,3,Yes,No,1
601,34,Female,2023-12-29,16.5,18,5,6,2,No,Yes,1
602,26,Male,2020-02-02,518.68,14,54,8,2,No,No,0
603,26,Female,2025-03-30,658.13,19,44,6,5,Yes,No,1
604,58,Male,2023-09-28,666.44,29,38,4,1,No,Yes,1
605,57,Female,2021-11-07,890.81,19,36,3,2,No,No,1
606,80,Female,2023-04-22,51.5,14,47,0,1,No,No,0
607,25,Female,2020-01-25,239.38,12,6,1,1,No,Yes,1
608,54,Female,2024-10-20,650.4,16,20,10,5,Yes,No,1
609,43,Female,2024-07-03,347.68,7,4,0,4,No,No,1
610,64,Male,2024-10-01,434.32,17,1,1,3,Yes,Yes,1
611,43,Female,2021-05-19,769.79,11,60,3,1,Yes,Yes,0
612,54,Female,2024-07-09,189.96,1,23,9,5,No,Yes,0
613,59,Male,2024-12-07,536.54,28,35,2,3,Yes,No,1
614,67,Female,2022-10-17,702.05,2,33,7,4,No,Yes,1
615,68,Female,2024-03-07,765.23,18,38,10,2,Yes,Yes,1
616,32,Male,2023-05-11,817.95,10,15,3,4,Yes,Yes,1
617,48,Male,2020-03-09,776.32,15,15,10,5,No,Yes,1
618,67,Male,2024-06-12,779.17,18,2,1,4,Yes,Yes,1
619,76,Female,2022-06-13,240.87,25,53,1,4,Yes,No,1
620,33,Male,2020-04-25,70.52,17,58,1,4,No,No,0
621,59,Female,2023-09-16,997.3,5,13,10,4,No,No,1
622,30,Female,2022-09-12,187.28,19,37,1,4,Yes,No,1
623,42,Male,2023-10-06,930.04,4,36,7,2,Yes,No,1
624,51,Female,2022-01-19,768.04,1,51,2,5,No,No,1
625,48,Female,2025-02-14,572.47,21,9,6,4,Yes,Yes,1
626,54,Female,2022-04-07,141.15,14,24,8,5,Yes,No,1
627,23,Female,2024-01-19,929.05,24,28,1,4,No,No,1
628,45,Female,2024-05-04,805.05,4,31,7,3,No,Yes,1
629,62,Female,2020-02-12,187.26,2,37,10,3,No,No,0
630,24,Male,2025-01-13,251.51,7,59,7,4,No,Yes,0
631,34,Female,2020-07-07,299.04,6,15,7,5,No,No,1
632,49,Female,2024-06-18,281.81,12,28,9,2,Yes,No,1
633,34,Female,2023-03-17,776.74,1,48,2,2,No,No,1
634,34,Female,2025-04-27,163.34,21,18,2,4,Yes,Yes,1
635,42,Female,2022-05-06,170.82,12,54,6,1,No,No,0
636,54,Female,2020-04-08,788.99,30,35,1,3,Yes,Yes,1
637,36,Male,2022-12-19,959.8,8,12,8,4,Yes,No,1
638,70,Male,2023-04-05,10.23,27,36,2,5,No,Yes,1
639,18,Male,2020-07-04,126.06,27,16,5,2,No,No,1
640,36,Female,2023-11-18,503.9,19,51,7,5,Yes,Yes,1
641,61,Female,2024-09-26,304.92,26,11,9,2,Yes,No,1
642,48,Male,2022-04-15,327.86,15,20,4,2,Yes,Yes,1
643,72,Male,2023-07-29,526.45,4,27,10,3,No,No,1
644,59,Male,2020-04-13,636.81,8,30,0,5,Yes,Yes,1
645,64,Female,2024-07-14,700.16,20,43,0,1,Yes,Yes,1
646,74,Female,2021-02-01,287.36,6,49,5,3,Yes,No,0
647,45,Female,2021-04-11,779.14,18,52,1,1,Yes,No,1
648,33,Female,2022-04-14,763.06,30,49,2,2,No,Yes,1
649,35,Female,2020-12-29,14.27,11,46,9,1,No,No,0
650,68,Male,2025-04-29,25.72,13,11,8,5,No,No,1
651,66,Female,2020-04-06,373.04,15,55,5,1,Yes,No,0
652,42,Male,2024-02-22,134.65,25,25,9,5,Yes,Yes,1
653,75,Male,2021-07-11,498.2,2,20,4,3,Yes,Yes,1
654,40,Female,2021-10-11,732.88,4,23,4,3,Yes,No,1
655,28,Female,2020-07-20,610.29,14,57,4,5,Yes,Yes,1
656,23,Male,2022-11-09,465.25,10,2,7,3,Yes,No,1
657,69,Female,2021-07-02,451.33,27,18,4,4,Yes,No,1
658,21,Male,2025-01-17,361.95,2,13,2,2,Yes,Yes,1
659,30,Male,2022-04-07,473.41,16,41,7,5,Yes,Yes,1
660,76,Female,2023-08-29,473.91,8,60,5,1,No,No,1
661,79,Female,2023-04-30,329.61,27,12,0,1,No,Yes,1
662,77,Female,2024-03-25,894.8,25,40,10,2,Yes,No,1
663,21,Male,2021-07-19,10.98,22,47,8,4,No,Yes,1
664,63,Male,2021-04-05,776.15,5,44,7,1,Yes,Yes,1
665,44,Female,2021-07-01,547.6,26,15,0,3,Yes,No,1
666,54,Male,2025-01-05,845.47,6,46,2,4,Yes,No,1
667,18,Male,2023-08-14,906.83,10,14,7,1,Yes,No,1
668,37,Female,2024-08-16,82.92,1,55,7,2,No,No,0
669,40,Male,2022-07-25,358.39,17,50,8,3,No,Yes,1
670,29,Female,2024-01-31,899.32,3,9,1,3,Yes,No,1
671,46,Male,2021-03-02,365.67,20,48,1,5,Yes,Yes,1
672,24,Female,2022-05-24,533.55,19,33,3,4,No,No,1
673,68,Male,2022-12-06,272.2,7,44,2,2,Yes,No,0
674,32,Male,2022-09-05,382.25,24,11,3,1,No,Yes,1
675,65,Male,2021-11-07,708.93,20,29,4,1,Yes,No,1
676,48,Female,2025-05-31,975.11,12,50,6,1,Yes,No,1
677,26,Male,2021-12-15,146.98,30,3,10,5,Yes,Yes,1
678,47,Male,2021-05-24,38.15,16,60,4,4,Yes,No,1
679,75,Male,2025-02-05,160.26,17,44,3,2,Yes,No,1
680,66,Male,2023-12-29,422.83,13,51,10,5,Yes,Yes,1
681,48,Female,2020-05-20,649.98,25,26,9,4,No,No,1
682,31,Female,2020-07-15,236.6,27,11,10,4,No,No,1
683,50,Male,2024-09-21,291.83,27,44,6,4,Yes,Yes,1
684,71,Female,2021-03-26,103.18,1,20,8,1,Yes,Yes,0
685,48,Female,2020-03-11,754.85,26,5,6,5,No,Yes,1
686,55,Male,2021-05-05,413.91,22,20,2,3,No,No,1
687,30,Female,2020-09-14,611.4,5,14,5,4,Yes,Yes,1
688,50,Male,2024-05-13,351.67,5,20,10,5,No,Yes,1
689,63,Male,2021-07-29,402.03,21,19,5,3,Yes,Yes,1
690,43,Male,2021-01-02,409.25,7,13,9,2,No,Yes,1
691,61,Female,2020-02-10,589.65,24,20,3,2,No,No,1
692,64,Female,2024-03-24,507.35,3,60,1,2,No,No,0
693,26,Female,2020-03-23,88.86,17,27,2,4,No,Yes,1
694,73,Female,2020-04-10,942.85,4,29,3,1,Yes,Yes,1
695,74,Female,2024-06-16,885.62,2,47,9,1,Yes,Yes,1
696,31,Male,2024-03-26,941.68,22,21,8,4,No,Yes,1
697,80,Female,2020-11-04,47.92,13,6,5,2,Yes,Yes,1
698,50,Female,2020-07-02,178.53,11,11,6,1,No,No,1
699,77,Male,2022-03-20,834.35,17,25,9,5,Yes,Yes,1
700,59,Female,2024-07-23,424.59,14,27,7,3,No,No,1
701,30,Male,2021-02-26,16.83,4,18,7,2,Yes,No,0
702,42,Female,2020-03-03,535.96,1,8,5,3,Yes,No,1
703,44,Female,2022-09-28,870.57,22,14,2,4,No,No,1
704,19,Female,2022-01-05,447.23,22,24,2,4,No,No,1
705,23,Male,2022-01-26,126.16,16,20,4,3,Yes,Yes,1
706,65,Male,2022-10-11,381.78,10,7,2,3,Yes,Yes,1
707,35,Female,2020-01-14,338.98,11,34,2,5,Yes,No,1
708,50,Female,2022-11-22,880.9,5,60,9,5,Yes,No,1
709,67,Female,2021-07-24,688.91,9,51,1,5,No,Yes,1
710,26,Male,2020-09-25,245.24,9,3,2,5,Yes,Yes,1
711,47,Male,2021-06-26,801.5,18,55,3,2,Yes,No,1
712,41,Male,2021-04-02,890.69,5,40,9,3,No,Yes,1
713,31,Male,2020-03-28,266.88,2,23,7,1,No,No,1
714,63,Female,2022-07-05,435.76,17,43,8,1,Yes,No,1
715,75,Male,2025-04-26,525.45,19,1,4,1,Yes,No,1
716,41,Female,2020-12-23,190.44,2,10,7,1,No,No,1
717,25,Female,2022-03-08,731.96,4,50,6,1,No,Yes,0
718,60,Female,2021-08-28,536.13,3,36,6,3,Yes,No,0
719,20,Female,2022-08-23,187.66,15,2,7,5,Yes,No,1
720,42,Male,2023-01-10,873.62,16,12,8,3,No,No,1
721,53,Male,2022-10-29,717.6,19,49,4,4,No,Yes,1
722,35,Male,2020-08-15,742.59,1,56,2,1,No,No,1
723,80,Female,2021-07-30,22.68,10,38,5,5,No,No,0
724,78,Male,2023-01-12,733.45,29,60,3,5,No,Yes,1
725,70,Female,2021-08-16,401.61,11,7,9,1,Yes,Yes,1
726,61,Male,2022-05-27,441.12,1,1,0,5,No,Yes,1
727,24,Male,2022-06-09,419.34,29,59,4,1,No,No,1
728,33,Male,2024-11-25,521.35,12,39,4,2,No,Yes,0
729,49,Male,2024-08-24,804.86,27,54,2,2,No,No,1
730,78,Female,2021-01-31,958.54,11,6,2,1,Yes,No,1
731,47,Female,2020-05-25,115.76,18,56,2,1,No,Yes,1
732,29,Male,2024-11-25,351.23,10,20,1,2,Yes,No,1
733,69,Female,2024-03-28,330.66,23,7,4,3,No,No,1
734,32,Male,2024-09-09,94.4,10,11,3,1,Yes,No,1
735,29,Male,2021-05-16,167.87,2,18,5,2,Yes,Yes,1
736,31,Male,2024-07-23,44.51,14,45,5,5,Yes,No,0
737,35,Female,2024-02-26,642.85,14,4,5,3,No,No,1
738,51,Female,2020-07-08,259.67,12,53,2,4,No,No,1
739,32,Female,2022-08-09,753.5,3,11,10,2,Yes,No,1
740,34,Female,2022-05-12,79.47,16,34,7,5,Yes,Yes,1
741,56,Male,2023-08-23,610.25,23,17,0,4,Yes,No,1
742,49,Male,2024-04-12,774.33,26,46,8,2,No,Yes,1
743,68,Male,2024-01-22,920.26,10,20,0,4,No,Yes,1
744,76,Male,2023-09-07,304.84,29,45,9,4,No,No,1
745,27,Male,2023-11-15,385.06,3,46,4,2,Yes,Yes,1
746,70,Male,2020-07-29,57.13,26,46,1,5,Yes,No,1
747,35,Female,2021-11-05,950.97,16,26,2,2,Yes,No,1
748,79,Female,2021-06-18,495.88,13,51,3,5,No,No,1
749,66,Male,2022-05-31,54.08,23,43,1,4,No,No,0
750,69,Female,2021-08-18,270.47,23,58,7,1,No,Yes,0
751,68,Female,2025-04-30,817.61,30,7,4,4,Yes,Yes,1
752,74,Male,2021-09-02,216.72,7,8,7,4,Yes,Yes,1
753,59,Male,2021-06-04,775.15,22,44,2,1,Yes,No,1
754,66,Male,2024-06-12,447.73,8,12,1,1,Yes,No,1
755,36,Male,2022-06-30,166.2,29,41,0,5,Yes,No,1
756,67,Male,2024-04-11,9.8,24,26,1,1,No,No,1
757,28,Male,2021-11-03,178.79,3,2,5,5,No,No,1
758,62,Female,2021-09-13,299.8,24,47,9,2,Yes,Yes,1
759,64,Male,2021-11-30,496.31,20,40,9,5,Yes,No,1
760,38,Female,2022-11-20,886.49,30,26,2,1,No,Yes,1
761,36,Female,2021-01-03,602.51,16,5,5,4,No,No,1
762,61,Male,2020-08-19,863.12,15,37,6,2,Yes,Yes,1
763,61,Male,2025-05-24,22.02,19,60,10,1,No,No,0
764,41,Male,2021-09-30,484.99,15,4,10,2,No,No,1
765,68,Male,2022-10-26,516.93,21,36,6,5,Yes,No,1
766,58,Female,2023-06-10,932.73,29,27,1,3,Yes,No,1
767,68,Female,2022-06-22,893.75,14,37,10,1,Yes,Yes,1
768,57,Female,2020-10-18,990.94,30,45,8,5,No,No,1
769,27,Male,2021-02-26,242.61,12,54,4,3,Yes,No,1
770,76,Male,2020-09-11,449.88,16,33,7,1,Yes,Yes,1
771,47,Male,2024-06-10,263.9,27,38,1,1,Yes,No,1
772,43,Female,2022-02-06,94.2,15,37,1,4,No,No,1
773,22,Female,2025-06-11,134.88,7,3,7,1,No,No,1
774,67,Male,2022-06-27,927.97,23,13,6,5,No,Yes,1
775,40,Male,2023-09-27,434.59,2,18,4,4,No,Yes,1
776,36,Male,2021-07-10,362.63,11,30,0,5,No,No,1
777,57,Male,2020-09-19,765.83,11,45,5,2,Yes,Yes,1
778,53,Male,2023-12-09,334.55,2,47,9,3,Yes,Yes,0
779,79,Female,2024-06-19,574.42,12,16,8,3,No,No,1
780,26,Female,2022-12-16,507.89,24,21,8,3,Yes,Yes,1
781,24,Female,2021-06-18,275.94,16,20,8,3,Yes,No,1
782,21,Female,2020-10-05,885.03,6,14,2,2,No,Yes,1
783,34,Female,2024-04-02,150.25,10,20,9,1,No,Yes,1
784,20,Male,2022-08-28,461.45,2,51,1,3,Yes,No,0
785,29,Male,2024-02-15,13.56,10,8,4,4,Yes,No,1
786,42,Female,2024-03-01,580.34,7,35,6,4,No,No,1
787,52,Female,2020-11-19,121.11,22,31,0,3,Yes,Yes,1
788,71,Female,2020-03-28,92.42,20,58,1,4,Yes,No,1
789,55,Female,2022-03-06,836.13,14,55,5,4,Yes,Yes,1
790,32,Female,2021-12-03,808.37,14,7,9,1,Yes,No,1
791,21,Female,2023-12-25,936.5,29,49,2,3,No,Yes,1
792,43,Male,2022-06-28,525.16,17,29,1,4,No,No,1
793,33,Male,2024-06-16,89.85,7,15,0,4,Yes,Yes,1
794,42,Male,2022-08-09,979.92,1,21,0,4,Yes,No,1
795,46,Female,2022-07-21,284.04,7,12,1,2,No,Yes,1
796,80,Female,2021-02-04,921.4,28,26,9,5,Yes,Yes,1
797,37,Female,2022-10-22,752.05,23,53,5,2,No,Yes,1
798,38,Male,2022-11-04,466.28,9,51,9,5,Yes,Yes,0
799,27,Female,2023-11-10,342.43,15,44,8,5,Yes,Yes,1
800,61,Female,2021-12-07,338.21,13,16,10,3,Yes,Yes,1
801,76,Female,2020-10-08,167.78,10,44,5,4,No,No,1
802,50,Male,2023-08-17,576.95,25,45,10,2,No,Yes,1
803,21,Female,2023-08-12,381.07,14,40,4,4,Yes,Yes,1
804,47,Female,2021-07-06,933.53,21,40,4,4,No,Yes,1
805,28,Female,2020-07-09,890.14,15,27,2,4,Yes,No,1
806,52,Female,2022-03-03,758.82,21,13,0,4,Yes,No,1
807,42,Female,2020-04-13,84.35,28,32,9,4,Yes,Yes,1
808,42,Female,2021-09-22,27.0,28,32,1,1,No,Yes,1
809,56,Female,2021-06-25,637.2,21,54,3,4,Yes,No,1
810,79,Male,2023-04-26,515.27,20,49,7,2,Yes,Yes,1
811,44,Female,2023-01-25,221.97,13,43,0,2,No,No,1
812,80,Female,2020-06-06,806.18,21,31,0,3,No,Yes,1
813,28,Male,2025-02-13,399.95,15,30,0,5,No,Yes,1
814,61,Male,2022-08-05,989.91,27,12,8,2,No,Yes,1
815,47,Female,2022-10-20,758.11,21,29,3,4,Yes,Yes,1
816,77,Female,2025-05-01,457.47,1,20,0,3,No,Yes,0
817,45,Male,2024-06-13,493.69,7,5,9,2,Yes,No,1
818,55,Female,2024-05-28,209.26,9,52,4,1,Yes,Yes,0
819,40,Male,2022-09-19,367.65,19,37,9,4,No,Yes,1
820,38,Female,2022-05-13,372.95,12,31,2,4,No,Yes,1
821,34,Female,2024-09-16,793.44,30,56,0,3,No,Yes,1
822,33,Female,2020-07-04,866.41,20,40,6,3,No,Yes,1
823,77,Female,2021-11-03,671.65,30,52,3,1,No,Yes,1
824,37,Female,2023-10-12,960.82,19,39,1,3,Yes,No,1
825,60,Female,2020-12-31,502.87,21,20,9,3,Yes,No,1
826,54,Female,2021-08-16,76.94,2,59,0,4,No,No,0
827,24,Female,2024-06-17,46.33,17,35,9,5,No,No,1
828,38,Female,2024-02-08,717.65,16,48,9,1,Yes,No,1
829,55,Female,2023-12-26,615.74,1,7,4,5,No,No,1
830,50,Male,2023-04-30,117.85,7,21,3,5,No,No,1
831,78,Male,2022-01-02,712.56,4,1,10,2,Yes,Yes,1
832,61,Male,2020-03-02,434.5,29,2,4,5,No,Yes,1
833,63,Male,2023-10-29,31.99,4,56,6,5,No,No,0
834,40,Female,2023-04-03,498.01,19,41,8,5,No,No,1
835,52,Female,2020-10-07,857.85,8,35,2,3,No,No,1
836,44,Male,2022-04-11,19.51,3,8,9,1,No,No,1
837,61,Male,2022-11-26,966.6,29,3,3,5,No,No,1
838,59,Female,2022-01-24,18.26,9,38,9,4,Yes,Yes,1
839,42,Female,2021-09-09,735.37,6,54,4,3,No,No,0
840,36,Male,2025-02-15,497.44,27,11,2,5,No,Yes,1
841,21,Male,2020-06-09,421.81,8,52,6,1,Yes,Yes,0
842,35,Female,2024-12-29,426.43,23,7,9,3,No,No,1
843,58,Male,2025-06-08,537.87,1,35,6,3,Yes,No,1
844,76,Female,2021-10-08,547.11,27,1,9,1,No,No,1
845,66,Female,2024-08-26,231.97,16,25,1,2,Yes,Yes,1
846,71,Male,2024-03-04,377.87,3,49,4,4,No,No,1
847,23,Female,2020-01-16,580.85,10,46,4,4,No,Yes,1
848,29,Male,2020-11-25,735.0,14,20,3,4,Yes,Yes,1
849,45,Female,2024-11-30,562.67,9,19,7,1,No,No,1
850,19,Female,2024-04-06,209.34,22,13,8,3,No,Yes,1
851,74,Female,2022-07-14,407.73,8,39,7,5,Yes,No,1
852,59,Male,2021-06-01,214.31,16,56,10,3,No,No,1
853,26,Female,2025-02-24,978.96,5,49,8,5,No,Yes,1
854,76,Male,2023-04-01,83.95,23,59,3,4,Yes,No,1
855,79,Female,2023-03-30,814.04,1,34,10,3,No,No,1
856,27,Male,2021-08-15,692.83,27,55,7,4,Yes,Yes,1
857,46,Female,2020-05-30,526.11,10,50,10,4,No,Yes,0
858,20,Female,2021-03-31,785.57,29,12,10,5,Yes,No,1
859,48,Male,2025-04-19,133.4,9,43,9,1,Yes,Yes,1
860,41,Female,2024-12-15,473.34,16,34,1,2,No,No,1
861,27,Female,2024-05-17,305.01,26,4,7,5,Yes,Yes,1
862,53,Male,2023-05-21,960.72,29,57,10,4,No,No,1
863,76,Female,2024-05-11,402.34,6,19,8,2,Yes,Yes,1
864,77,Male,2024-07-30,144.63,28,24,4,4,Yes,No,1
865,61,Male,2024-08-28,31.42,26,26,3,1,No,Yes,1
866,35,Male,2020-11-01,415.68,11,60,8,5,Yes,Yes,1
867,39,Female,2021-05-26,812.34,27,10,10,3,No,No,1
868,79,Male,2022-02-19,682.88,6,46,10,3,No,No,1
869,29,Female,2020-09-21,428.53,5,15,4,5,Yes,Yes,1
870,75,Male,2023-06-13,40.58,29,43,6,5,Yes,No,1
871,52,Male,2022-03-19,190.35,4,32,5,2,Yes,No,1
872,68,Female,2025-03-18,125.73,2,15,10,2,Yes,No,1
873,62,Male,2020-10-11,227.34,25,21,6,2,No,No,1
874,49,Female,2022-04-16,375.59,14,25,5,5,Yes,Yes,1
875,51,Female,2023-12-08,221.33,30,54,8,1,No,No,1
876,32,Female,2025-05-21,210.64,13,20,6,3,No,No,0
877,80,Female,2020-02-07,816.77,8,20,5,4,Yes,Yes,1
878,74,Female,2025-01-24,752.37,6,36,3,5,Yes,Yes,1
879,63,Male,2023-09-27,863.54,26,36,7,3,Yes,No,1
880,50,Female,2022-03-06,611.78,11,10,9,5,Yes,Yes,1
881,39,Male,2023-07-14,736.46,29,57,9,4,Yes,No,1
882,18,Male,2024-11-07,377.16,17,57,4,1,No,No,1
883,44,Female,2025-02-11,216.68,6,1,0,5,Yes,No,1
884,32,Male,2020-12-06,700.74,15,16,8,4,Yes,Yes,1
885,31,Female,2022-04-17,592.89,10,51,8,1,No,No,1
886,56,Male,2024-01-05,506.44,18,44,10,1,Yes,Yes,1
887,77,Male,2023-07-24,211.56,15,60,8,5,No,No,0
888,60,Female,2021-12-11,15.78,19,45,2,5,Yes,Yes,1
889,18,Female,2025-03-28,608.91,9,17,4,2,No,Yes,1
890,77,Female,2023-11-21,670.36,17,58,4,5,No,No,1
891,49,Female,2020-08-11,892.98,16,41,3,5,Yes,Yes,1
892,74,Male,2023-09-04,345.67,9,56,4,5,No,Yes,0
893,32,Female,2021-05-27,668.39,5,49,4,1,Yes,Yes,1
894,58,Female,2020-01-20,213.35,19,35,4,4,Yes,No,1
895,25,Female,2021-09-03,741.27,14,17,6,1,Yes,No,1
896,74,Female,2023-11-10,474.84,23,32,3,4,Yes,No,1
897,69,Male,2024-04-11,148.25,23,52,1,2,Yes,No,1
898,22,Male,2023-06-09,438.93,8,9,1,3,Yes,Yes,1
899,50,Male,2024-10-23,35.96,13,33,9,3,Yes,Yes,1
900,49,Female,2021-03-24,594.97,1,16,4,4,No,No,1
901,68,Male,2020-07-31,956.24,28,56,7,3,No,Yes,1
902,32,Male,2020-02-09,662.46,7,1,8,2,Yes,Yes,1
903,46,Male,2024-12-21,536.23,9,19,2,4,Yes,No,1
904,55,Male,2024-06-22,990.38,17,13,8,4,Yes,No,1
905,29,Male,2021-08-19,40.75,7,58,4,5,Yes,Yes,1
906,47,Female,2023-05-18,942.06,5,22,9,1,Yes,Yes,1
907,39,Female,2021-07-30,859.85,23,1,3,5,No,Yes,1
908,52,Male,2022-04-27,330.17,8,39,5,5,Yes,Yes,1
909,34,Female,2021-08-30,876.13,5,31,8,3,Yes,No,1
910,42,Male,2023-06-09,4.32,20,30,3,2,No,No,1
911,48,Male,2023-09-06,847.63,14,60,2,1,No,Yes,1
912,67,Female,2024-06-07,468.31,1,45,8,4,No,Yes,1
913,27,Male,2021-08-15,944.33,15,55,6,4,No,Yes,1
914,57,Female,2022-06-02,431.46,4,21,1,4,Yes,Yes,1
915,73,Male,2021-01-02,841.52,18,32,6,2,Yes,No,1
916,42,Female,2021-03-17,64.26,20,28,10,2,Yes,Yes,1
917,42,Male,2022-07-29,718.2,19,18,7,3,No,Yes,1
918,69,Male,2023-02-06,600.27,8,32,10,2,Yes,Yes,1
919,19,Female,2024-05-14,770.86,4,21,1,2,Yes,Yes,1
920,32,Female,2021-03-24,38.18,3,9,8,2,No,No,1
921,51,Male,2022-04-01,265.92,5,41,0,5,No,Yes,0
922,78,Male,2023-08-19,80.94,7,10,6,3,Yes,Yes,1
923,51,Female,2020-05-26,482.16,13,32,3,1,No,No,1
924,26,Male,2024-06-18,40.61,17,15,2,5,Yes,Yes,1
925,64,Female,2023-08-18,185.12,16,55,0,3,Yes,No,1
926,30,Female,2022-12-09,490.76,14,5,9,2,Yes,Yes,1
927,63,Male,2022-07-16,196.67,2,20,3,3,No,Yes,0
928,67,Female,2020-05-17,787.3,7,42,7,3,No,Yes,1
929,26,Male,2022-08-04,548.78,10,24,4,1,Yes,Yes,1
930,58,Female,2022-08-04,554.35,6,15,8,2,No,No,1
931,75,Female,2020-01-04,500.43,16,25,2,4,No,Yes,1
932,25,Male,2022-06-18,952.68,26,5,3,4,Yes,Yes,1
933,74,Male,2022-06-21,656.36,2,49,10,3,No,No,1
934,61,Female,2023-09-17,129.09,23,28,4,3,No,No,0
935,19,Male,2020-09-15,687.69,11,42,9,5,Yes,No,1
936,70,Female,2020-05-01,734.09,28,59,6,3,No,No,1
937,77,Male,2024-01-12,776.71,15,5,4,4,Yes,Yes,1
938,31,Female,2024-02-17,490.07,10,40,0,3,No,Yes,1
939,79,Male,2023-08-13,142.53,15,32,9,4,Yes,No,1
940,21,Male,2021-04-09,446.99,26,25,8,2,Yes,Yes,1
941,58,Female,2020-12-29,253.68,26,13,1,2,No,No,1
942,41,Female,2020-08-08,638.55,12,38,5,5,No,No,1
943,65,Female,2024-03-01,503.72,24,53,4,1,No,Yes,1
944,52,Male,2025-04-16,266.81,27,60,3,2,Yes,Yes,1
945,59,Male,2021-06-22,516.03,24,11,1,2,Yes,No,1
946,68,Male,2021-10-09,324.93,4,38,10,2,No,No,1
947,53,Male,2024-02-11,844.0,8,34,3,4,Yes,No,1
948,33,Male,2025-03-21,317.56,18,57,4,5,Yes,Yes,1
949,54,Male,2021-01-29,707.19,4,10,7,4,No,No,1
950,74,Male,2020-10-06,875.38,25,10,4,2,No,No,1
951,32,Male,2020-03-27,716.55,19,13,1,2,Yes,Yes,1
952,41,Male,2024-07-30,530.84,21,34,2,3,Yes,Yes,1
953,75,Female,2022-09-15,63.54,6,34,1,1,No,No,1
954,20,Female,2023-09-22,758.13,1,36,9,4,Yes,No,0
955,62,Female,2024-07-08,478.12,30,54,6,5,Yes,No,1
956,80,Female,2022-10-03,821.62,22,3,0,5,Yes,Yes,1
957,45,Male,2023-01-02,437.57,4,3,7,5,Yes,Yes,1
958,53,Male,2024-03-13,910.46,14,8,7,3,Yes,Yes,1
959,61,Female,2021-08-07,821.9,6,52,3,3,No,No,1
960,48,Male,2022-09-08,464.39,18,9,8,5,Yes,Yes,1
961,24,Male,2020-08-06,860.39,21,52,0,4,No,No,1
962,57,Male,2022-06-05,422.15,13,14,3,2,No,No,1
963,68,Female,2020-10-21,434.97,27,60,7,3,Yes,No,1
964,35,Male,2025-01-29,691.28,4,11,3,1,No,Yes,1
965,60,Male,2025-01-17,154.65,8,45,8,5,Yes,Yes,1
966,38,Female,2025-01-27,701.29,10,49,5,2,No,Yes,1
967,25,Male,2020-05-14,470.35,23,18,1,4,No,No,1
968,54,Female,2022-01-06,836.52,28,36,3,5,No,Yes,1
969,71,Female,2024-03-31,526.15,28,46,5,1,Yes,Yes,1
970,43,Male,2021-12-18,850.25,11,41,0,2,No,No,1
971,31,Female,2024-12-04,907.37,5,50,0,2,Yes,Yes,1
972,80,Male,2020-08-05,825.05,19,60,3,2,No,No,1
973,58,Male,2025-02-27,348.24,12,49,7,3,Yes,Yes,0
974,58,Female,2021-03-01,33.01,10,57,8,1,Yes,No,1
975,49,Female,2022-06-29,849.77,26,57,1,2,No,Yes,1
976,71,Female,2021-01-19,392.78,23,40,5,3,Yes,Yes,1
977,79,Female,2022-03-06,364.35,28,2,5,1,Yes,No,1
978,50,Male,2020-12-24,26.17,15,18,10,4,No,No,1
979,39,Female,2024-10-07,243.96,11,59,9,5,No,Yes,1
980,45,Female,2021-02-25,211.27,20,6,1,1,No,No,1
981,63,Male,2022-12-22,902.22,21,32,8,3,No,No,1
982,32,Male,2022-11-08,746.76,12,58,6,1,Yes,No,1
983,38,Female,2023-12-08,74.85,26,29,0,3,No,Yes,1
984,39,Female,2020-12-20,864.95,27,15,2,5,No,Yes,1
985,37,Female,2023-03-24,891.69,27,52,8,4,Yes,No,1
986,25,Female,2020-08-12,602.39,4,34,9,2,No,Yes,1
987,27,Female,2020-11-24,234.03,4,17,2,4,No,No,1
988,49,Male,2021-11-14,390.37,7,21,3,3,No,No,1
989,20,Male,2022-03-02,874.99,24,54,8,2,No,Yes,1
990,18,Male,2024-04-15,92.47,12,43,5,5,Yes,Yes,1
991,26,Female,2021-12-14,730.34,4,1,6,3,No,No,1
992,71,Male,2024-11-24,710.85,1,48,7,4,No,Yes,1
993,29,Male,2022-06-13,138.25,10,21,3,2,No,Yes,1
994,77,Female,2024-10-08,796.28,2,50,7,2,No,Yes,1
995,77,Female,2020-04-05,12.21,14,34,6,5,Yes,Yes,1
996,56,Female,2021-03-16,947.45,9,30,1,3,Yes,Yes,1
997,40,Male,2024-03-18,417.5,12,12,1,1,Yes,No,1
998,21,Female,2025-05-15,91.24,27,60,4,4,Yes,No,0
999,46,Male,2020-01-28,347.23,14,60,7,1,Yes,Yes,0
1000,67,Female,2025-06-05,462.84,20,46,8,1,Yes,No,1
